{
  "main": {
    "id": "fab29a5817eb1dc0",
    "type": "split",
    "children": [
      {
        "id": "effa3fcd141f74d9",
        "type": "tabs",
        "children": [
          {
            "id": "d572072bab07c121",
            "type": "leaf",
            "state": {
              "type": "empty",
              "state": {},
              "icon": "lucide-file",
              "title": "New tab"
            }
          }
        ]
      }
    ],
    "direction": "vertical"
  },
  "left": {
    "id": "abc5bccbe0a77bee",
    "type": "split",
    "children": [
      {
        "id": "60bbb4a645310f3a",
        "type": "tabs",
        "children": [
          {
            "id": "f2d029ec75e97adf",
            "type": "leaf",
            "state": {
              "type": "file-explorer",
              "state": {
                "sortOrder": "alphabetical",
                "autoReveal": false
              },
              "icon": "lucide-folder-closed",
              "title": "Files"
            }
          },
          {
            "id": "37e743732013110d",
            "type": "leaf",
            "state": {
              "type": "search",
              "state": {
                "query": "",
                "matchingCase": false,
                "explainSearch": false,
                "collapseAll": false,
                "extraContext": false,
                "sortOrder": "alphabetical"
              },
              "icon": "lucide-search",
              "title": "Search"
            }
          },
          {
            "id": "52d22a3fddb9c492",
            "type": "leaf",
            "state": {
              "type": "bookmarks",
              "state": {},
              "icon": "lucide-bookmark",
              "title": "Bookmarks"
            }
          }
        ],
        "currentTab": 2
      }
    ],
    "direction": "horizontal",
    "width": 300
  },
  "right": {
    "id": "2a37089a6d8bc0e6",
    "type": "split",
    "children": [
      {
        "id": "4a468c15f9987390",
        "type": "tabs",
        "children": [
          {
            "id": "4e83ef07cdaa6108",
            "type": "leaf",
            "state": {
              "type": "backlink",
              "state": {
                "file": "altocumulus-s01.md",
                "collapseAll": false,
                "extraContext": false,
                "sortOrder": "alphabetical",
                "showSearch": false,
                "searchQuery": "",
                "backlinkCollapsed": false,
                "unlinkedCollapsed": true
              },
              "icon": "links-coming-in",
              "title": "Backlinks for altocumulus-s01"
            }
          },
          {
            "id": "86713db5059f117b",
            "type": "leaf",
            "state": {
              "type": "outgoing-link",
              "state": {
                "file": "altocumulus-s01.md",
                "linksCollapsed": false,
                "unlinkedCollapsed": true
              },
              "icon": "links-going-out",
              "title": "Outgoing links from altocumulus-s01"
            }
          },
          {
            "id": "b51d89c36728a73a",
            "type": "leaf",
            "state": {
              "type": "tag",
              "state": {
                "sortOrder": "frequency",
                "useHierarchy": true,
                "showSearch": false,
                "searchQuery": ""
              },
              "icon": "lucide-tags",
              "title": "Tags"
            }
          },
          {
            "id": "f88a01346c95154c",
            "type": "leaf",
            "state": {
              "type": "outline",
              "state": {
                "file": "altocumulus-s01.md",
                "followCursor": false,
                "showSearch": false,
                "searchQuery": ""
              },
              "icon": "lucide-list",
              "title": "Outline of altocumulus-s01"
            }
          }
        ]
      }
    ],
    "direction": "horizontal",
    "width": 300,
    "collapsed": true
  },
  "left-ribbon": {
    "hiddenItems": {
      "switcher:Open quick switcher": false,
      "graph:Open graph view": false,
      "canvas:Create new canvas": false,
      "daily-notes:Open today's daily note": false,
      "templates:Insert template": false,
      "command-palette:Open command palette": false
    }
  },
  "active": "52d22a3fddb9c492",
  "lastOpenFiles": [
    "Untitled",
    "2025-07-08.md",
    "Untitled.canvas",
    "Untitled.md",
    "above-the-loop-s01.md",
    "tracks 1.md",
    "tracks.md",
    "run-loop.md",
    "altocumulus-s01.md",
    "160-and-holding.md"
  ]
}